<?xml version="1.1" encoding="UTF-8"?>

<project i18n.job.generated.documetation="Generated documentation" i18n.job.project.name="Project Name" i18n.job.generated.date="GENERATION DATE" i18n.job.author="AUTHOR" i18n.job.summary="Summary" i18n.job.project.description="Project Description" i18n.job.job.description="Description" i18n.job.job.preview.picture="Preview Picture" i18n.job.job.setting="Settings" i18n.job.context.list="Context List" i18n.job.component.list="Component List" i18n.job.components.description="Components Description" i18n.job.source.code="Source Code" i18n.job.properties="Properties" i18n.job.values="Values" i18n.job.name="Name" i18n.job.language="Language" i18n.job.description="Description" i18n.job.author.min="Author" i18n.job.version="Version" i18n.job.purpose="Purpose" i18n.job.status="Status" i18n.job.creation="Creation" i18n.job.modification="Modification" i18n.job.extract.settings="Extra settings" i18n.job.value="Value" i18n.job.stats.logs="Status &amp; Logs" i18n.job.context="Context" i18n.job.promt="Prompt" i18n.job.need.promt="Need Prompt?" i18n.job.type="Type" i18n.job.source="Source" i18n.job.component.name="Component Name" i18n.job.component.type="Component Type" i18n.job.component="Component" i18n.job.unique.name="UNIQUE NAME" i18n.job.input="INPUT(S)" i18n.job.label="LABEL" i18n.job.output="OUTPUT(S)" i18n.job.component.parameters="Component Parameters:" i18n.job.schema.for="Schema for " i18n.job.column="Column" i18n.job.key="Key" i18n.job.length="Length" i18n.job.precision="Precision" i18n.job.nullable="Nullable" i18n.job.comment="Comment" i18n.job.original.function.parameters="Original Function Parameters:" i18n.job.ended="ended" i18n.job.content="content" i18n.route.manifest.type="Type" i18n.route.manifest.value="Value" i18n.route.resource.name="Name" i18n.route.resource.version="Version" i18n.route.resource.path="Path" name="Talend_Import" logo="pictures/logo.jpg" title="Generated by Talend Open Studio for Data Integration" link="http://www.talend.com" language="java" generatedDate="Sep 18, 2021 11:40:09 AM" versionName="Talend Open Studio VERSION " version="7.3.1.20200219_1130" docType="Jobs" company="">
  <pro-description><![CDATA[]]></pro-description>
  <job name="Concat_Name" author="user@talend.com" i18n.job.extract.settings.type="i18n.job.extract.settings" i18n.job.stats.logs.type="i18n.job.stats.logs" version="0.1" purpose="" status="" creation="Aug 10, 2021 9:49:28 AM" modification="Aug 10, 2021 10:20:32 AM">
    <description><![CDATA[<br/>]]></description>
    <preview picture="pictures/Concat_Name_0.1.png"/>
    <contextList>
      <context name="Default"/>
    </contextList>
    <jobSetting>
      <extra>
        <jobParameter name="COMP_DEFAULT_FILE_DIR" value=""/>
        <jobParameter name="Multi thread execution" value="false"/>
        <jobParameter name="Implicit tContextLoad" value="false"/>
      </extra>
      <Statslogs>
        <jobParameter name="Use statistics (tStatCatcher)" value="false"/>
        <jobParameter name="Use logs (tLogCatcher)" value="false"/>
        <jobParameter name="Use volumetrics (tFlowMeterCatcher)" value="false"/>
        <jobParameter name="On Console" value="false"/>
        <jobParameter name="On Files" value="false"/>
        <jobParameter name="On Databases" value="false"/>
        <jobParameter name="Catch components statistics" value="false"/>
        <jobParameter name="Catch runtime errors" value="true"/>
        <jobParameter name="Catch user errors" value="true"/>
        <jobParameter name="Catch user warnings" value="true"/>
      </Statslogs>
    </jobSetting>
    <componentList>
      <componentItem name="tDenormalize_1" link="tDenormalize_1" type="tDenormalize" leftTopX="288" leftTopY="64" rightBottomX="320" rightBottomY="96"/>
      <componentItem name="tFileInputDelimited_1" link="tFileInputDelimited_1" type="tFileInputDelimited" leftTopX="96" leftTopY="64" rightBottomX="128" rightBottomY="96"/>
      <componentItem name="tLogRow_1" link="tLogRow_1" type="tLogRow" leftTopX="512" leftTopY="64" rightBottomX="544" rightBottomY="96"/>
    </componentList>
    <internalNodeComponents>
      <component icon="pictures/tDenormalize_1.png" uniqueName="tDenormalize_1" label="__UNIQUE_NAME__">
        <input link="tFileInputDelimited_1">tFileInputDelimited_1</input>
        <output link="tLogRow_1">tLogRow_1</output>
        <componentType>tDenormalize</componentType>
        <parameters>
          <column name="Unique Name" value="tDenormalize_1"/>
          <column name="Component Name" value="tDenormalize"/>
          <column name="Version" value="0.101 (ALPHA)"/>
          <column name="Family" value="Processing/Fields"/>
          <column name="Startable" value="false"/>
          <column name="SUBTREE_START" value="false"/>
          <column name="END_OF_FLOW" value="false"/>
          <column name="Activate" value="true"/>
          <column name="DUMMY" value="false"/>
          <column name="tStatCatcher Statistics" value="false"/>
          <column name="Help" value="org.talend.help.tDenormalize"/>
          <column name="Update components" value="true"/>
          <column name="IREPORT_PATH" value=""/>
          <column name="JAVA_LIBRARY_PATH" value="C:\Talend\TOS_DI-Win32-20200219_1130-V7.3.1\configuration\lib\java"/>
          <column name="Subjob color" value=""/>
          <column name="Title color" value=""/>
          <column name="REPOSITORY_ALLOW_AUTO_SWITCH" value="true"/>
          <column name="Schema" value="Built-In"/>
          <column name="To denormalize" value="[{INPUT_COLUMN=NAME, DELIMITER=&quot; &quot;, MERGE=true}]"/>
          <column name="Label format" value="__UNIQUE_NAME__"/>
          <column name="Hint format" value="&lt;b&gt;__UNIQUE_NAME__&lt;/b&gt;&lt;br&gt;__COMMENT__"/>
          <column name="Connection format" value="row"/>
          <column name="Show Information" value="false"/>
          <column name="Comment" value=""/>
          <column name="Use an existing validation rule" value="false"/>
          <column name="Validation Rule Type" value=""/>
        </parameters>
        <schemas>
          <schema name="tDenormalize_1">
            <column name="ID" key="false" type="String" length="" precision="" nullable="true" comment=""/>
            <column name="NAME" key="false" type="String" length="" precision="" nullable="true" comment=""/>
          </schema>
        </schemas>
      </component>
      <component icon="pictures/tFileInputDelimited_1.png" uniqueName="tFileInputDelimited_1" label="Seperate Names">
        <input>none</input>
        <output link="tDenormalize_1">tDenormalize_1</output>
        <componentType>tFileInputDelimited</componentType>
        <parameters>
          <column name="Unique Name" value="tFileInputDelimited_1"/>
          <column name="Component Name" value="tFileInputDelimited"/>
          <column name="Version" value="0.102 (ALPHA)"/>
          <column name="Family" value="File/Input"/>
          <column name="Start" value="true"/>
          <column name="Startable" value="true"/>
          <column name="SUBTREE_START" value="true"/>
          <column name="END_OF_FLOW" value="false"/>
          <column name="Activate" value="true"/>
          <column name="DUMMY" value="false"/>
          <column name="tStatCatcher Statistics" value="false"/>
          <column name="Help" value="org.talend.help.tFileInputDelimited"/>
          <column name="Update components" value="true"/>
          <column name="IREPORT_PATH" value=""/>
          <column name="JAVA_LIBRARY_PATH" value="C:\Talend\TOS_DI-Win32-20200219_1130-V7.3.1\configuration\lib\java"/>
          <column name="Subjob color" value=""/>
          <column name="Title color" value=""/>
          <column name="Property Type" value="Built-In"/>
          <column name="REPOSITORY_ALLOW_AUTO_SWITCH" value="true"/>
          <column name="Schema" value="Built-In"/>
          <column name="File name/Stream" value="&quot;C:/Users/ranud_jhx5r4/OneDrive/Desktop/Talend/talend Demo/Talend Source/concat_source.txt&quot;"/>
          <column name="CSV options" value="false"/>
          <column name="Row Separator" value="&quot;\n&quot;"/>
          <column name="CSV Row Separator" value="&quot;\n&quot;"/>
          <column name="Field Separator" value="&quot;,&quot;"/>
          <column name="Escape char" value="&quot;&quot;&quot;"/>
          <column name="Text enclosure" value="&quot;&quot;&quot;"/>
          <column name="Header" value="1"/>
          <column name="Footer" value="0"/>
          <column name="Limit" value=""/>
          <column name="Skip empty rows" value="true"/>
          <column name="Uncompress as zip file" value="false"/>
          <column name="Die on error" value="false"/>
          <column name="Schema" value="Built-In"/>
          <column name="Temporary directory" value="&quot;C:/Users/hai/workspace&quot;"/>
          <column name="Advanced separator (for numbers)" value="false"/>
          <column name="Thousands separator" value="&quot;,&quot;"/>
          <column name="Decimal separator" value="&quot;.&quot;"/>
          <column name="Extract lines at random" value="false"/>
          <column name="Number of lines" value="10"/>
          <column name="Trim all columns" value="false"/>
          <column name="Check column to trim" value="[{SCHEMA_COLUMN=ID, TRIM=false}, {SCHEMA_COLUMN=NAME, TRIM=false}]"/>
          <column name="Check each row structure against schema" value="false"/>
          <column name="Check date" value="false"/>
          <column name="Encoding" value="&quot;ISO-8859-15&quot;"/>
          <column name="Split row before field" value="false"/>
          <column name="Permit hexadecimal (0xNNN) or octal (0NNNN) for numeric types (clear the check box to read Byte type as octal and hexadecimal numbers by default)" value="false"/>
          <column name="Decode table" value="[{SCHEMA_COLUMN=ID, DECODE=false}, {SCHEMA_COLUMN=NAME, DECODE=false}]"/>
          <column name="Destination" value=""/>
          <column name="Min column number of optimize code" value="100"/>
          <column name="Label format" value="Seperate Names"/>
          <column name="Hint format" value="&lt;b&gt;__UNIQUE_NAME__&lt;/b&gt;&lt;br&gt;__COMMENT__"/>
          <column name="Connection format" value="row"/>
          <column name="Show Information" value="false"/>
          <column name="Comment" value=""/>
          <column name="Use an existing validation rule" value="false"/>
          <column name="Validation Rule Type" value=""/>
        </parameters>
        <schemas>
          <schema name="tFileInputDelimited_1">
            <column name="ID" key="false" type="String" length="" precision="" nullable="true" comment=""/>
            <column name="NAME" key="false" type="String" length="" precision="" nullable="true" comment=""/>
          </schema>
        </schemas>
      </component>
      <component icon="pictures/tLogRow_1.png" uniqueName="tLogRow_1" label="__UNIQUE_NAME__">
        <input link="tDenormalize_1">tDenormalize_1</input>
        <output link="tFileOutputDelimited_1">tFileOutputDelimited_1</output>
        <componentType>tLogRow</componentType>
        <parameters>
          <column name="Unique Name" value="tLogRow_1"/>
          <column name="Component Name" value="tLogRow"/>
          <column name="Version" value="0.101 (ALPHA)"/>
          <column name="Family" value="Logs_Errors"/>
          <column name="Startable" value="false"/>
          <column name="SUBTREE_START" value="false"/>
          <column name="END_OF_FLOW" value="false"/>
          <column name="Activate" value="true"/>
          <column name="DUMMY" value="false"/>
          <column name="tStatCatcher Statistics" value="false"/>
          <column name="Help" value="org.talend.help.tLogRow"/>
          <column name="Update components" value="true"/>
          <column name="IREPORT_PATH" value=""/>
          <column name="JAVA_LIBRARY_PATH" value="C:\Talend\TOS_DI-Win32-20200219_1130-V7.3.1\configuration\lib\java"/>
          <column name="Subjob color" value=""/>
          <column name="Title color" value=""/>
          <column name="REPOSITORY_ALLOW_AUTO_SWITCH" value="true"/>
          <column name="Schema" value="Built-In"/>
          <column name="Basic" value="false"/>
          <column name="Table (print values in cells of a table)" value="true"/>
          <column name="Vertical (each row is a key/value list)" value="false"/>
          <column name="Print unique name" value="true"/>
          <column name="Print label" value="false"/>
          <column name="Print unique name and label" value="false"/>
          <column name="Field Separator" value="&quot;,&quot;"/>
          <column name="Print header" value="false"/>
          <column name="Print component unique name in front of each output row" value="false"/>
          <column name="Print schema column name in front of each value" value="false"/>
          <column name="Use fixed length for values" value="false"/>
          <column name="Lengths" value="[{SCHEMA_COLUMN=ID, LENGTH=10}, {SCHEMA_COLUMN=NAME, LENGTH=10}]"/>
          <column name="Print content with log4j" value="true"/>
          <column name="Min column number of optimize code" value="100"/>
          <column name="Label format" value="__UNIQUE_NAME__"/>
          <column name="Hint format" value="&lt;b&gt;__UNIQUE_NAME__&lt;/b&gt;&lt;br&gt;__COMMENT__"/>
          <column name="Connection format" value="row"/>
          <column name="Show Information" value="false"/>
          <column name="Comment" value=""/>
          <column name="Use an existing validation rule" value="false"/>
          <column name="Validation Rule Type" value=""/>
        </parameters>
        <schemas>
          <schema name="tLogRow_1">
            <column name="ID" key="false" type="String" length="" precision="" nullable="true" comment=""/>
            <column name="NAME" key="false" type="String" length="" precision="" nullable="true" comment=""/>
          </schema>
        </schemas>
      </component>
    </internalNodeComponents>
    <externalNodeComponents/>
    <connections>
      <connection label="row1" lineStyle="0" metaname="tFileInputDelimited_1" offsetLabelX="0" offsetLabelY="0" source="tFileInputDelimited_1" target="tDenormalize_1"/>
      <connection label="row2" lineStyle="0" metaname="tDenormalize_1" offsetLabelX="0" offsetLabelY="0" source="tDenormalize_1" target="tLogRow_1"/>
      <connection label="row3" lineStyle="0" metaname="tLogRow_1" offsetLabelX="0" offsetLabelY="0" source="tLogRow_1" target="tFileOutputDelimited_1"/>
    </connections>
  </job>
</project>
